user_id,medicine,rating
1,Ibuprofen,4.6
1,Dextromethorphan,4.1
1,Pseudoephedrine,3.7
1,Acetaminophen,3.6
1,Sertraline,2.5
1,Fexofenadine,2.9
1,Amlodipine,1.4
1,Ipratropium,2.3
2,Electrolytes,3.1
2,Ibuprofen,4.9
2,Escitalopram,3.2
2,Lorazepam,5.0
2,Fluticasone,1.4
2,Sitagliptin,2.4
2,Amlodipine,2.3
2,Cetirizine,3.8
3,Albuterol,3.3
3,Fluticasone,3.7
3,Hydroxyzine,4.0
3,Buspirone,4.6
3,Sitagliptin,2.5
3,Loratadine,2.3
3,Losartan,4.1
3,Fexofenadine,1.0
4,Rizatriptan,4.7
4,Hydroxyzine,3.8
4,Sumatriptan,3.9
4,Escitalopram,3.7
4,Amlodipine,2.9
4,Hydrochlorothiazide,1.8
4,Famotidine,3.6
4,Diclofenac,2.4
5,Sitagliptin,3.7
5,Glipizide,3.5
5,Metoprolol,4.1
5,Lisinopril,4.5
5,Fexofenadine,2.9
5,Sumatriptan,2.8
5,Escitalopram,3.2
5,Albuterol,2.2
6,Hydroxyzine,3.3
6,Lorazepam,4.2
6,Escitalopram,3.4
6,Buspirone,4.9
6,Antacids,1.0
6,Electrolytes,2.7
6,Loratadine,3.4
6,Metoprolol,3.6
7,Diphenhydramine,3.9
7,Famotidine,4.1
7,Omeprazole,4.0
7,Antacids,4.3
7,Ibuprofen,2.5
7,Lorazepam,2.9
7,Cyclobenzaprine,1.0
7,Sumatriptan,2.1
8,Glipizide,3.5
8,Insulin,3.8
8,Empagliflozin,3.9
8,Omeprazole,4.0
8,Losartan,2.8
8,Electrolytes,1.3
8,Albuterol,2.4
8,Cyclobenzaprine,1.2
9,Rizatriptan,2.3
9,Metoclopramide,3.8
9,Ibuprofen,4.5
9,Sumatriptan,5.0
9,Oseltamivir,2.0
9,Empagliflozin,2.6
9,Cyclobenzaprine,1.0
9,Antacids,2.5
10,Ibuprofen,3.2
10,Acetaminophen,4.2
10,Electrolytes,3.2
10,Oseltamivir,3.9
10,Vitamin C,2.0
10,Sertraline,2.8
10,Naproxen,3.6
10,Hydrochlorothiazide,5.0
11,Dextromethorphan,5.0
11,Oseltamivir,2.7
11,Electrolytes,2.4
11,Ibuprofen,3.4
11,Albuterol,1.3
11,Diclofenac,3.0
11,Cyclobenzaprine,1.6
11,Hydroxyzine,2.1
12,Fluticasone,4.5
12,Acetaminophen,3.9
12,Dextromethorphan,4.0
12,Ibuprofen,3.3
12,Buspirone,4.3
12,Vitamin C,1.6
12,Hydroxyzine,3.4
12,Sumatriptan,2.0
13,Budesonide,4.7
13,Fluticasone,3.3
13,Montelukast,4.3
13,Albuterol,3.0
13,Rizatriptan,3.3
13,Metoclopramide,1.0
13,Escitalopram,3.5
13,Empagliflozin,1.0
14,Diphenhydramine,3.2
14,Loratadine,3.9
14,Cetirizine,3.7
14,Fluticasone,3.8
14,Electrolytes,2.9
14,Lisinopril,1.6
14,Sertraline,2.3
14,Esomeprazole,2.0
15,Sitagliptin,4.0
15,Metformin,4.9
15,Insulin,4.8
15,Empagliflozin,3.8
15,Amlodipine,2.7
15,Escitalopram,2.6
15,Hydrochlorothiazide,2.6
15,Rizatriptan,3.2
16,Sitagliptin,4.1
16,Glipizide,3.7
16,Metformin,3.5
16,Empagliflozin,3.9
16,Budesonide,4.5
16,Rizatriptan,1.6
16,Electrolytes,2.0
16,Pseudoephedrine,2.5
17,Amlodipine,3.9
17,Lisinopril,4.8
17,Hydrochlorothiazide,5.0
17,Losartan,4.1
17,Hydroxyzine,2.5
17,Montelukast,5.0
17,Sumatriptan,2.4
17,Sitagliptin,1.8
18,Metoclopramide,4.2
18,Esomeprazole,2.8
18,Acetaminophen,4.4
18,Ranitidine,4.0
18,Amlodipine,3.4
18,Electrolytes,2.8
18,Diphenhydramine,2.0
18,Hydrochlorothiazide,3.4
19,Buspirone,4.2
19,Lorazepam,3.0
19,Sertraline,3.7
19,Hydroxyzine,3.6
19,Electrolytes,2.4
19,Ipratropium,2.5
19,Fluticasone,3.0
19,Cetirizine,1.0
20,Metformin,4.8
20,Sitagliptin,3.9
20,Dextromethorphan,4.0
20,Empagliflozin,3.3
20,Hydrochlorothiazide,2.0
20,Antacids,2.5
20,Metoclopramide,1.4
20,Budesonide,1.0
21,Escitalopram,5.0
21,Lorazepam,4.3
21,Sertraline,3.3
21,Buspirone,4.0
21,Lisinopril,2.6
21,Cyclobenzaprine,2.2
21,Antacids,1.7
21,Dextromethorphan,3.7
22,Oseltamivir,3.9
22,Acetaminophen,3.5
22,Ibuprofen,3.7
22,Dextromethorphan,3.1
22,Metoclopramide,2.0
22,Budesonide,2.6
22,Diclofenac,2.1
22,Antacids,1.0
23,Amlodipine,3.9
23,Loratadine,3.4
23,Losartan,4.5
23,Fexofenadine,3.3
23,Empagliflozin,4.5
23,Sertraline,3.0
23,Hydroxyzine,2.8
23,Esomeprazole,1.9
24,Montelukast,4.3
24,Albuterol,2.8
24,Dextromethorphan,2.7
24,Acetaminophen,5.0
24,Losartan,3.7
24,Pseudoephedrine,3.4
24,Amlodipine,1.0
24,Cyclobenzaprine,3.7
25,Buspirone,2.5
25,Lorazepam,3.9
25,Sertraline,3.9
25,Hydroxyzine,4.2
25,Sitagliptin,2.1
25,Loratadine,2.5
25,Lisinopril,4.0
25,Diphenhydramine,2.0
26,Metformin,3.6
26,Oseltamivir,3.5
26,Insulin,3.6
26,Dextromethorphan,3.3
26,Sumatriptan,2.5
26,Fluticasone,4.4
26,Lisinopril,2.5
26,Loratadine,3.4
27,Sumatriptan,3.4
27,Ibuprofen,4.4
27,Metformin,3.4
27,Glipizide,3.5
27,Loratadine,4.1
27,Omeprazole,3.4
27,Lorazepam,1.7
27,Hydroxyzine,2.8
28,Lorazepam,4.5
28,Escitalopram,4.8
28,Hydroxyzine,3.3
28,Sertraline,2.7
28,Albuterol,2.3
28,Esomeprazole,3.5
28,Antacids,2.3
28,Pseudoephedrine,1.0
29,Rizatriptan,4.3
29,Fexofenadine,4.6
29,Sumatriptan,3.8
29,Loratadine,3.3
29,Lisinopril,1.5
29,Albuterol,1.0
29,Buspirone,4.2
29,Insulin,2.1
30,Acetaminophen,4.0
30,Cyclobenzaprine,4.0
30,Ibuprofen,5.0
30,Naproxen,5.0
30,Lorazepam,2.2
30,Lisinopril,2.7
30,Sumatriptan,3.0
30,Losartan,1.3
31,Diphenhydramine,4.1
31,Cetirizine,3.6
31,Albuterol,3.5
31,Fexofenadine,3.7
31,Ranitidine,1.5
31,Dextromethorphan,2.6
31,Vitamin C,3.3
31,Oseltamivir,1.0
32,Omeprazole,4.6
32,Ranitidine,3.8
32,Acetaminophen,3.4
32,Rizatriptan,5.0
32,Lorazepam,2.8
32,Montelukast,1.0
32,Pseudoephedrine,3.7
32,Naproxen,1.7
33,Metformin,2.9
33,Empagliflozin,4.1
33,Glipizide,3.9
33,Sitagliptin,2.3
33,Hydroxyzine,3.9
33,Dextromethorphan,1.4
33,Diclofenac,3.3
33,Ranitidine,1.8
34,Budesonide,3.6
34,Ipratropium,3.9
34,Montelukast,4.2
34,Albuterol,3.7
34,Escitalopram,3.3
34,Lisinopril,5.0
34,Cetirizine,2.3
34,Vitamin C,2.3
35,Lorazepam,4.2
35,Escitalopram,2.8
35,Buspirone,4.7
35,Sertraline,3.4
35,Ipratropium,3.7
35,Loratadine,1.9
35,Omeprazole,3.9
35,Albuterol,2.2
36,Metformin,4.7
36,Insulin,3.6
36,Sitagliptin,3.7
36,Glipizide,4.5
36,Metoclopramide,2.6
36,Hydroxyzine,3.9
36,Diclofenac,3.1
36,Naproxen,4.1
37,Acetaminophen,5.0
37,Cyclobenzaprine,5.0
37,Diclofenac,2.8
37,Naproxen,4.5
37,Metoclopramide,3.9
37,Loratadine,3.6
37,Oseltamivir,2.5
37,Insulin,2.8
38,Omeprazole,4.0
38,Esomeprazole,3.2
38,Metformin,2.4
38,Glipizide,5.0
38,Amlodipine,2.5
38,Oseltamivir,4.0
38,Cetirizine,1.7
38,Acetaminophen,3.0
39,Ibuprofen,4.4
39,Dextromethorphan,4.3
39,Oseltamivir,3.5
39,Electrolytes,4.3
39,Empagliflozin,3.7
39,Hydroxyzine,1.3
39,Loratadine,1.7
39,Sertraline,3.1
40,Sumatriptan,3.5
40,Hydroxyzine,3.6
40,Buspirone,4.0
40,Rizatriptan,4.8
40,Glipizide,1.2
40,Vitamin C,2.9
40,Lisinopril,4.4
40,Insulin,2.6
41,Ibuprofen,3.4
41,Dextromethorphan,3.8
41,Vitamin C,3.7
41,Pseudoephedrine,3.3
41,Diphenhydramine,2.4
41,Oseltamivir,2.2
41,Antacids,1.9
41,Famotidine,2.2
42,Oseltamivir,4.4
42,Electrolytes,4.4
42,Acetaminophen,4.6
42,Ibuprofen,3.0
42,Fexofenadine,3.7
42,Escitalopram,1.5
42,Budesonide,1.0
42,Hydroxyzine,2.1
43,Metformin,3.9
43,Insulin,2.1
43,Glipizide,3.9
43,Sitagliptin,4.9
43,Montelukast,1.3
43,Acetaminophen,3.4
43,Rizatriptan,3.0
43,Pseudoephedrine,3.0
44,Fluticasone,3.5
44,Antacids,3.7
44,Budesonide,3.1
44,Albuterol,3.4
44,Hydrochlorothiazide,1.7
44,Buspirone,1.2
44,Rizatriptan,3.2
44,Acetaminophen,1.5
45,Cyclobenzaprine,4.2
45,Famotidine,4.7
45,Diclofenac,3.5
45,Omeprazole,3.1
45,Metformin,2.4
45,Rizatriptan,4.2
45,Amlodipine,3.9
45,Empagliflozin,2.3
46,Ranitidine,3.9
46,Montelukast,3.5
46,Esomeprazole,5.0
46,Budesonide,3.2
46,Sertraline,2.4
46,Metformin,3.5
46,Glipizide,2.2
46,Rizatriptan,4.4
47,Ranitidine,3.9
47,Esomeprazole,3.2
47,Famotidine,4.9
47,Omeprazole,3.8
47,Oseltamivir,2.4
47,Ibuprofen,2.3
47,Hydroxyzine,1.6
47,Sertraline,2.4
48,Vitamin C,3.0
48,Omeprazole,5.0
48,Famotidine,4.3
48,Pseudoephedrine,4.2
48,Diclofenac,2.7
48,Rizatriptan,2.6
48,Glipizide,3.1
48,Sumatriptan,3.0
49,Fluticasone,3.3
49,Dextromethorphan,5.0
49,Budesonide,4.1
49,Acetaminophen,3.8
49,Metoprolol,2.5
49,Sertraline,2.3
49,Insulin,3.2
49,Lorazepam,2.4
50,Dextromethorphan,4.1
50,Electrolytes,3.5
50,Acetaminophen,4.8
50,Ibuprofen,4.5
50,Glipizide,3.0
50,Metoprolol,1.0
50,Albuterol,2.6
50,Loratadine,4.4
51,Buspirone,4.5
51,Escitalopram,3.5
51,Lorazepam,4.5
51,Hydroxyzine,4.3
51,Lisinopril,2.0
51,Sitagliptin,4.3
51,Diphenhydramine,2.1
51,Diclofenac,1.3
52,Naproxen,4.3
52,Cyclobenzaprine,4.3
52,Omeprazole,2.9
52,Esomeprazole,2.9
52,Metformin,2.8
52,Escitalopram,2.9
52,Albuterol,2.0
52,Fexofenadine,3.7
53,Sumatriptan,4.6
53,Ibuprofen,3.4
53,Rizatriptan,3.7
53,Metoclopramide,4.1
53,Loratadine,3.7
53,Pseudoephedrine,3.2
53,Antacids,1.1
53,Sitagliptin,1.5
54,Ibuprofen,4.3
54,Dextromethorphan,4.5
54,Esomeprazole,3.7
54,Famotidine,4.4
54,Naproxen,2.1
54,Diphenhydramine,1.9
54,Amlodipine,2.4
54,Lisinopril,3.5
55,Montelukast,4.1
55,Budesonide,4.6
55,Dextromethorphan,5.0
55,Electrolytes,3.6
55,Ranitidine,2.1
55,Sitagliptin,1.0
55,Escitalopram,2.8
55,Cyclobenzaprine,1.7
56,Ipratropium,3.5
56,Albuterol,4.7
56,Fluticasone,4.8
56,Budesonide,5.0
56,Oseltamivir,1.7
56,Dextromethorphan,2.0
56,Diclofenac,1.7
56,Sumatriptan,2.4
57,Sumatriptan,4.9
57,Acetaminophen,4.1
57,Rizatriptan,3.9
57,Metoclopramide,4.5
57,Empagliflozin,1.5
57,Sitagliptin,2.9
57,Montelukast,3.1
57,Cetirizine,3.0
58,Acetaminophen,5.0
58,Sumatriptan,5.0
58,Cetirizine,5.0
58,Fluticasone,5.0
58,Metoprolol,1.0
58,Losartan,2.1
58,Oseltamivir,3.4
58,Esomeprazole,1.0
59,Dextromethorphan,3.2
59,Electrolytes,3.6
59,Oseltamivir,4.1
59,Ibuprofen,3.5
59,Glipizide,3.7
59,Lorazepam,2.6
59,Empagliflozin,2.9
59,Esomeprazole,2.2
60,Glipizide,3.0
60,Sitagliptin,4.4
60,Empagliflozin,4.2
60,Metformin,4.1
60,Metoclopramide,1.9
60,Diphenhydramine,3.2
60,Budesonide,2.0
60,Escitalopram,2.2
61,Dextromethorphan,3.3
61,Ibuprofen,3.1
61,Acetaminophen,4.7
61,Oseltamivir,3.5
61,Lisinopril,2.7
61,Amlodipine,4.9
61,Antacids,3.0
61,Pseudoephedrine,2.2
62,Sumatriptan,3.6
62,Rizatriptan,4.1
62,Ibuprofen,3.6
62,Metoclopramide,3.4
62,Buspirone,3.0
62,Cetirizine,3.4
62,Electrolytes,2.9
62,Montelukast,2.9
63,Glipizide,4.0
63,Naproxen,3.8
63,Cyclobenzaprine,4.2
63,Ibuprofen,4.7
63,Antacids,1.5
63,Sumatriptan,3.2
63,Hydrochlorothiazide,3.5
63,Diphenhydramine,1.0
64,Acetaminophen,4.4
64,Metoclopramide,3.3
64,Ibuprofen,4.2
64,Rizatriptan,4.2
64,Glipizide,2.3
64,Empagliflozin,2.5
64,Esomeprazole,3.5
64,Fexofenadine,3.0
65,Omeprazole,3.8
65,Ibuprofen,4.2
65,Famotidine,4.5
65,Antacids,3.7
65,Oseltamivir,2.8
65,Dextromethorphan,3.6
65,Sertraline,2.7
65,Naproxen,3.0
66,Dextromethorphan,3.6
66,Buspirone,3.7
66,Pseudoephedrine,3.3
66,Sertraline,4.0
66,Sumatriptan,3.2
66,Diclofenac,1.8
66,Oseltamivir,1.0
66,Empagliflozin,1.8
67,Dextromethorphan,3.6
67,Vitamin C,4.5
67,Ibuprofen,3.7
67,Omeprazole,4.1
67,Cetirizine,1.5
67,Escitalopram,2.5
67,Glipizide,5.0
67,Rizatriptan,2.4
68,Lorazepam,3.5
68,Hydroxyzine,4.5
68,Sertraline,3.1
68,Electrolytes,5.0
68,Ranitidine,1.3
68,Diclofenac,3.1
68,Losartan,2.1
68,Omeprazole,2.1
69,Fluticasone,4.1
69,Fexofenadine,4.8
69,Loratadine,2.7
69,Cetirizine,3.2
69,Naproxen,2.8
69,Montelukast,1.0
69,Glipizide,2.5
69,Sitagliptin,2.0
70,Famotidine,4.0
70,Esomeprazole,3.6
70,Omeprazole,4.1
70,Antacids,3.9
70,Albuterol,1.3
70,Loratadine,1.8
70,Dextromethorphan,1.0
70,Glipizide,1.0
71,Dextromethorphan,3.9
71,Ibuprofen,3.0
71,Oseltamivir,4.4
71,Electrolytes,4.3
71,Fexofenadine,2.1
71,Glipizide,2.1
71,Diphenhydramine,2.9
71,Losartan,2.8
72,Ranitidine,3.2
72,Rizatriptan,3.3
72,Omeprazole,3.4
72,Ibuprofen,4.2
72,Fluticasone,2.4
72,Diphenhydramine,2.2
72,Vitamin C,1.0
72,Ipratropium,2.9
73,Acetaminophen,3.4
73,Esomeprazole,4.6
73,Cyclobenzaprine,4.1
73,Diclofenac,4.7
73,Amlodipine,2.6
73,Metformin,2.6
73,Metoclopramide,3.4
73,Vitamin C,2.0
74,Oseltamivir,3.6
74,Escitalopram,2.9
74,Electrolytes,4.6
74,Buspirone,3.9
74,Montelukast,1.9
74,Omeprazole,2.1
74,Glipizide,3.0
74,Metoclopramide,1.6
75,Metoprolol,3.2
75,Ipratropium,4.5
75,Lisinopril,4.2
75,Amlodipine,4.9
75,Dextromethorphan,2.9
75,Antacids,1.3
75,Hydroxyzine,1.0
75,Cyclobenzaprine,1.8
76,Loratadine,3.7
76,Diphenhydramine,3.2
76,Cetirizine,3.6
76,Fluticasone,4.4
76,Sitagliptin,2.6
76,Rizatriptan,1.9
76,Montelukast,1.5
76,Dextromethorphan,1.0
77,Lisinopril,3.9
77,Montelukast,4.3
77,Losartan,4.6
77,Budesonide,4.2
77,Metoclopramide,4.3
77,Insulin,1.6
77,Pseudoephedrine,1.7
77,Esomeprazole,2.5
78,Buspirone,4.3
78,Hydroxyzine,4.0
78,Famotidine,3.7
78,Ranitidine,4.1
78,Hydrochlorothiazide,2.4
78,Montelukast,1.0
78,Pseudoephedrine,4.0
78,Diclofenac,3.1
79,Acetaminophen,5.0
79,Naproxen,4.1
79,Cyclobenzaprine,3.5
79,Ibuprofen,4.5
79,Vitamin C,1.3
79,Lisinopril,2.2
79,Buspirone,2.6
79,Rizatriptan,2.5
80,Electrolytes,3.8
80,Oseltamivir,4.3
80,Ibuprofen,3.8
80,Acetaminophen,4.6
80,Fexofenadine,3.9
80,Rizatriptan,2.6
80,Empagliflozin,2.8
80,Fluticasone,2.9
81,Loratadine,3.4
81,Cetirizine,3.6
81,Fluticasone,4.2
81,Fexofenadine,3.2
81,Montelukast,1.0
81,Losartan,2.7
81,Sitagliptin,1.7
81,Lisinopril,1.2
82,Acetaminophen,4.0
82,Pseudoephedrine,4.5
82,Ibuprofen,4.0
82,Vitamin C,3.9
82,Budesonide,3.3
82,Loratadine,2.6
82,Lisinopril,2.3
82,Diclofenac,2.0
83,Glipizide,2.5
83,Metformin,3.2
83,Empagliflozin,3.5
83,Cyclobenzaprine,4.4
83,Hydrochlorothiazide,3.4
83,Montelukast,3.8
83,Metoclopramide,3.1
83,Buspirone,2.2
84,Vitamin C,5.0
84,Dextromethorphan,3.2
84,Pseudoephedrine,4.3
84,Ibuprofen,3.3
84,Diphenhydramine,2.4
84,Loratadine,2.4
84,Ranitidine,3.9
84,Losartan,2.4
85,Hydrochlorothiazide,4.4
85,Diclofenac,3.7
85,Naproxen,3.3
85,Lisinopril,4.6
85,Cetirizine,2.3
85,Glipizide,1.8
85,Ipratropium,4.0
85,Metformin,1.2
86,Loratadine,3.5
86,Fexofenadine,5.0
86,Cetirizine,4.4
86,Fluticasone,4.1
86,Diclofenac,4.1
86,Lisinopril,2.5
86,Dextromethorphan,3.1
86,Naproxen,2.8
87,Sumatriptan,4.2
87,Acetaminophen,3.1
87,Rizatriptan,4.2
87,Metoclopramide,3.7
87,Metformin,3.3
87,Montelukast,2.1
87,Losartan,2.6
87,Empagliflozin,2.9
88,Amlodipine,4.2
88,Losartan,4.6
88,Hydrochlorothiazide,5.0
88,Metoprolol,4.1
88,Fluticasone,3.7
88,Ranitidine,2.5
88,Vitamin C,1.9
88,Acetaminophen,2.2
89,Glipizide,2.8
89,Pseudoephedrine,4.0
89,Dextromethorphan,3.6
89,Vitamin C,3.8
89,Amlodipine,2.3
89,Fexofenadine,1.0
89,Diclofenac,1.2
89,Metoclopramide,2.3
90,Famotidine,3.2
90,Esomeprazole,4.4
90,Antacids,3.6
90,Ranitidine,3.7
90,Montelukast,1.8
90,Electrolytes,2.6
90,Escitalopram,1.2
90,Sumatriptan,1.3
91,Amlodipine,3.6
91,Losartan,3.7
91,Hydrochlorothiazide,4.6
91,Metoprolol,3.6
91,Antacids,3.7
91,Fluticasone,2.7
91,Insulin,2.9
91,Sitagliptin,2.0
92,Amlodipine,3.9
92,Losartan,3.3
92,Hydrochlorothiazide,5.0
92,Lisinopril,3.1
92,Insulin,1.7
92,Cyclobenzaprine,2.1
92,Rizatriptan,2.6
92,Budesonide,3.0
93,Metoclopramide,3.2
93,Rizatriptan,3.7
93,Ibuprofen,4.1
93,Albuterol,4.1
93,Diphenhydramine,1.6
93,Omeprazole,2.6
93,Antacids,3.1
93,Buspirone,2.0
94,Pseudoephedrine,3.4
94,Dextromethorphan,2.9
94,Ibuprofen,4.7
94,Oseltamivir,3.9
94,Metoclopramide,2.4
94,Hydrochlorothiazide,3.4
94,Metformin,2.5
94,Buspirone,1.7
95,Insulin,3.6
95,Sitagliptin,5.0
95,Empagliflozin,3.3
95,Metformin,4.1
95,Albuterol,2.3
95,Metoclopramide,3.4
95,Omeprazole,2.6
95,Cyclobenzaprine,1.3
96,Ibuprofen,4.3
96,Metoclopramide,5.0
96,Antacids,5.0
96,Ranitidine,3.3
96,Pseudoephedrine,1.6
96,Lisinopril,3.0
96,Sitagliptin,3.1
96,Albuterol,3.1
97,Diphenhydramine,5.0
97,Cetirizine,5.0
97,Loratadine,4.7
97,Fexofenadine,5.0
97,Hydroxyzine,3.8
97,Montelukast,3.2
97,Electrolytes,2.4
97,Buspirone,2.4
98,Escitalopram,4.4
98,Buspirone,3.7
98,Omeprazole,4.8
98,Sertraline,5.0
98,Insulin,3.2
98,Oseltamivir,3.2
98,Vitamin C,2.2
98,Amlodipine,3.2
99,Ibuprofen,3.7
99,Metoclopramide,2.6
99,Sertraline,4.6
99,Acetaminophen,2.5
99,Albuterol,3.2
99,Sitagliptin,3.0
99,Naproxen,3.4
99,Famotidine,2.2
100,Fexofenadine,3.5
100,Montelukast,3.6
100,Loratadine,3.5
100,Diphenhydramine,2.9
100,Famotidine,1.3
100,Amlodipine,3.6
100,Acetaminophen,1.5
100,Hydrochlorothiazide,2.0
101,Metoprolol,3.9
101,Omeprazole,3.7
101,Losartan,5.0
101,Lisinopril,3.5
101,Insulin,1.2
101,Sertraline,1.7
101,Metformin,3.0
101,Vitamin C,2.7
102,Dextromethorphan,4.1
102,Pseudoephedrine,2.6
102,Acetaminophen,3.6
102,Ibuprofen,5.0
102,Montelukast,2.1
102,Sitagliptin,2.5
102,Antacids,2.8
102,Famotidine,1.7
103,Omeprazole,5.0
103,Esomeprazole,3.4
103,Ranitidine,4.3
103,Antacids,4.9
103,Amlodipine,1.0
103,Sertraline,2.0
103,Insulin,2.4
103,Fexofenadine,2.1
104,Ipratropium,3.5
104,Montelukast,3.7
104,Albuterol,4.3
104,Budesonide,3.8
104,Cyclobenzaprine,3.4
104,Rizatriptan,2.8
104,Antacids,3.8
104,Fexofenadine,3.9
105,Fluticasone,3.2
105,Ibuprofen,4.4
105,Oseltamivir,3.4
105,Budesonide,5.0
105,Empagliflozin,1.8
105,Diphenhydramine,1.0
105,Hydroxyzine,2.5
105,Famotidine,2.1
106,Escitalopram,4.0
106,Losartan,3.9
106,Metoprolol,4.5
106,Lorazepam,4.6
106,Glipizide,3.6
106,Metoclopramide,4.3
106,Empagliflozin,1.7
106,Dextromethorphan,2.4
107,Loratadine,3.2
107,Cetirizine,4.2
107,Ibuprofen,4.7
107,Acetaminophen,4.3
107,Diclofenac,3.4
107,Oseltamivir,1.1
107,Insulin,4.0
107,Albuterol,2.6
108,Cetirizine,4.7
108,Ibuprofen,3.3
108,Dextromethorphan,3.0
108,Fexofenadine,5.0
108,Metformin,1.9
108,Buspirone,2.6
108,Rizatriptan,2.0
108,Ipratropium,1.4
109,Rizatriptan,3.8
109,Hydroxyzine,4.2
109,Sertraline,4.1
109,Metoclopramide,4.7
109,Diphenhydramine,4.3
109,Diclofenac,3.6
109,Sitagliptin,4.0
109,Albuterol,2.8
110,Naproxen,4.6
110,Cyclobenzaprine,4.6
110,Diclofenac,5.0
110,Antacids,2.7
110,Hydroxyzine,3.6
110,Budesonide,3.1
110,Lisinopril,2.9
110,Montelukast,1.0
111,Empagliflozin,4.3
111,Glipizide,4.2
111,Metformin,3.5
111,Insulin,3.6
111,Famotidine,1.5
111,Ranitidine,3.1
111,Acetaminophen,1.2
111,Sumatriptan,3.1
112,Famotidine,3.7
112,Ranitidine,3.6
112,Empagliflozin,5.0
112,Omeprazole,3.6
112,Losartan,1.4
112,Cyclobenzaprine,3.3
112,Hydroxyzine,4.5
112,Ibuprofen,1.9
113,Hydrochlorothiazide,4.2
113,Lisinopril,3.4
113,Sertraline,4.4
113,Hydroxyzine,4.8
113,Glipizide,2.1
113,Cetirizine,2.9
113,Empagliflozin,1.9
113,Metformin,4.0
114,Montelukast,5.0
114,Pseudoephedrine,4.5
114,Budesonide,3.3
114,Ipratropium,5.0
114,Antacids,2.6
114,Hydrochlorothiazide,2.7
114,Cyclobenzaprine,3.8
114,Insulin,3.8
115,Hydrochlorothiazide,2.2
115,Metoprolol,4.3
115,Naproxen,2.9
115,Cyclobenzaprine,4.7
115,Montelukast,3.8
115,Diphenhydramine,3.5
115,Metformin,3.1
115,Oseltamivir,1.0
116,Famotidine,4.7
116,Esomeprazole,4.3
116,Ranitidine,4.5
116,Omeprazole,2.6
116,Oseltamivir,3.2
116,Pseudoephedrine,2.1
116,Diclofenac,1.0
116,Hydroxyzine,1.9
117,Albuterol,3.5
117,Montelukast,4.6
117,Fluticasone,3.5
117,Budesonide,3.2
117,Omeprazole,1.5
117,Esomeprazole,2.2
117,Electrolytes,3.8
117,Vitamin C,2.4
118,Acetaminophen,3.9
118,Ibuprofen,4.6
118,Electrolytes,3.1
118,Oseltamivir,4.3
118,Sertraline,2.2
118,Diphenhydramine,2.8
118,Insulin,2.9
118,Metoclopramide,4.0
119,Cyclobenzaprine,4.7
119,Naproxen,5.0
119,Acetaminophen,3.8
119,Diclofenac,4.8
119,Electrolytes,2.3
119,Omeprazole,2.7
119,Vitamin C,4.7
119,Pseudoephedrine,1.3
120,Dextromethorphan,3.2
120,Fexofenadine,2.9
120,Cetirizine,4.1
120,Loratadine,4.4
120,Esomeprazole,2.4
120,Famotidine,2.2
120,Ranitidine,2.0
120,Diclofenac,3.5
121,Acetaminophen,2.5
121,Metoprolol,3.7
121,Losartan,5.0
121,Ibuprofen,3.9
121,Loratadine,3.4
121,Budesonide,1.7
121,Albuterol,1.0
121,Montelukast,2.2
122,Ibuprofen,4.6
122,Dextromethorphan,4.6
122,Oseltamivir,4.0
122,Electrolytes,3.1
122,Insulin,2.5
122,Glipizide,3.5
122,Esomeprazole,2.4
122,Hydroxyzine,2.8
123,Hydrochlorothiazide,4.2
123,Lisinopril,3.9
123,Hydroxyzine,3.9
123,Buspirone,3.6
123,Cyclobenzaprine,2.4
123,Naproxen,3.4
123,Pseudoephedrine,2.2
123,Diphenhydramine,3.8
124,Fluticasone,3.5
124,Montelukast,3.9
124,Budesonide,3.0
124,Albuterol,3.8
124,Insulin,1.0
124,Loratadine,1.0
124,Amlodipine,5.0
124,Fexofenadine,1.9
125,Vitamin C,3.8
125,Acetaminophen,2.9
125,Dextromethorphan,3.6
125,Pseudoephedrine,4.1
125,Losartan,1.8
125,Albuterol,2.4
125,Ranitidine,2.3
125,Metoprolol,2.2
126,Ipratropium,3.5
126,Fluticasone,3.5
126,Sitagliptin,5.0
126,Insulin,4.2
126,Pseudoephedrine,2.8
126,Metoprolol,1.8
126,Cetirizine,3.4
126,Sumatriptan,3.7
127,Pseudoephedrine,3.3
127,Vitamin C,4.6
127,Ibuprofen,4.3
127,Acetaminophen,3.5
127,Sitagliptin,2.1
127,Naproxen,1.0
127,Oseltamivir,4.3
127,Rizatriptan,2.8
128,Losartan,3.3
128,Metoprolol,3.7
128,Hydrochlorothiazide,3.8
128,Amlodipine,3.3
128,Esomeprazole,2.8
128,Vitamin C,3.1
128,Sitagliptin,3.2
128,Metoclopramide,3.0
129,Albuterol,3.1
129,Ibuprofen,3.2
129,Fluticasone,2.7
129,Ipratropium,4.4
129,Sumatriptan,2.0
129,Vitamin C,4.0
129,Cetirizine,1.8
129,Naproxen,3.0
130,Antacids,5.0
130,Ranitidine,4.4
130,Omeprazole,5.0
130,Famotidine,4.8
130,Escitalopram,3.5
130,Sitagliptin,2.1
130,Hydrochlorothiazide,2.0
130,Sumatriptan,1.2
131,Ranitidine,4.0
131,Omeprazole,4.9
131,Ipratropium,4.0
131,Famotidine,3.8
131,Loratadine,1.7
131,Oseltamivir,1.7
131,Escitalopram,1.0
131,Rizatriptan,2.6
132,Antacids,3.2
132,Acetaminophen,3.2
132,Esomeprazole,4.7
132,Ibuprofen,4.9
132,Lisinopril,2.9
132,Hydroxyzine,1.6
132,Naproxen,4.0
132,Oseltamivir,1.8
133,Diclofenac,3.1
133,Naproxen,3.5
133,Cyclobenzaprine,3.9
133,Acetaminophen,3.9
133,Loratadine,4.2
133,Rizatriptan,3.2
133,Sertraline,2.3
133,Glipizide,1.7
134,Fluticasone,4.8
134,Glipizide,3.4
134,Cetirizine,3.7
134,Metformin,4.3
134,Esomeprazole,3.6
134,Pseudoephedrine,4.4
134,Ibuprofen,2.1
134,Oseltamivir,3.6
135,Ipratropium,3.9
135,Fluticasone,3.0
135,Budesonide,4.2
135,Acetaminophen,3.9
135,Diphenhydramine,3.0
135,Cyclobenzaprine,1.5
135,Cetirizine,2.7
135,Sitagliptin,3.2
136,Sumatriptan,4.2
136,Ibuprofen,4.7
136,Rizatriptan,4.2
136,Metoclopramide,3.2
136,Amlodipine,3.0
136,Pseudoephedrine,2.0
136,Cyclobenzaprine,3.3
136,Metoprolol,2.2
137,Buspirone,3.6
137,Escitalopram,2.8
137,Lorazepam,3.3
137,Hydroxyzine,3.9
137,Albuterol,2.7
137,Losartan,2.3
137,Loratadine,2.2
137,Sitagliptin,3.9
138,Pseudoephedrine,4.6
138,Cyclobenzaprine,4.6
138,Acetaminophen,4.9
138,Vitamin C,3.3
138,Ranitidine,1.0
138,Empagliflozin,4.2
138,Fluticasone,3.3
138,Montelukast,4.6
139,Diphenhydramine,4.7
139,Metformin,4.1
139,Empagliflozin,3.7
139,Cetirizine,3.0
139,Metoprolol,1.1
139,Sertraline,3.3
139,Esomeprazole,1.0
139,Acetaminophen,1.4
140,Antacids,4.0
140,Ibuprofen,4.2
140,Acetaminophen,4.0
140,Metoclopramide,4.1
140,Pseudoephedrine,4.0
140,Metoprolol,1.0
140,Budesonide,3.7
140,Fluticasone,1.5
141,Cyclobenzaprine,3.7
141,Naproxen,4.0
141,Diclofenac,2.1
141,Ibuprofen,3.9
141,Famotidine,1.5
141,Escitalopram,2.2
141,Antacids,3.3
141,Cetirizine,2.8
142,Metformin,3.6
142,Insulin,5.0
142,Dextromethorphan,2.7
142,Pseudoephedrine,3.2
142,Diclofenac,1.0
142,Ipratropium,4.3
142,Budesonide,4.0
142,Albuterol,1.9
143,Fexofenadine,4.4
143,Fluticasone,4.6
143,Diphenhydramine,4.4
143,Loratadine,2.9
143,Insulin,2.2
143,Metoclopramide,1.5
143,Diclofenac,2.7
143,Budesonide,2.2
144,Empagliflozin,4.4
144,Glipizide,4.0
144,Insulin,3.1
144,Metformin,3.8
144,Hydroxyzine,2.4
144,Antacids,3.4
144,Ipratropium,2.4
144,Diclofenac,2.5
145,Hydrochlorothiazide,2.6
145,Losartan,4.8
145,Lisinopril,4.1
145,Hydroxyzine,3.5
145,Fexofenadine,1.8
145,Esomeprazole,1.0
145,Metoclopramide,1.5
145,Cetirizine,3.8
146,Sertraline,3.3
146,Hydroxyzine,3.3
146,Buspirone,3.8
146,Esomeprazole,4.0
146,Ipratropium,3.9
146,Lisinopril,1.1
146,Amlodipine,2.3
146,Fexofenadine,2.1
147,Famotidine,4.5
147,Omeprazole,3.8
147,Antacids,4.3
147,Ranitidine,3.7
147,Insulin,2.2
147,Empagliflozin,2.5
147,Amlodipine,4.0
147,Naproxen,2.4
148,Oseltamivir,5.0
148,Dextromethorphan,4.6
148,Ibuprofen,5.0
148,Electrolytes,2.1
148,Budesonide,2.6
148,Fexofenadine,3.4
148,Hydroxyzine,3.1
148,Sumatriptan,1.4
149,Buspirone,4.9
149,Escitalopram,3.4
149,Pseudoephedrine,4.8
149,Hydroxyzine,3.6
149,Cyclobenzaprine,2.9
149,Esomeprazole,1.0
149,Fluticasone,5.0
149,Metformin,3.2
150,Rizatriptan,3.5
150,Acetaminophen,4.7
150,Dextromethorphan,4.2
150,Metoclopramide,3.5
150,Diclofenac,2.5
150,Losartan,2.3
150,Fexofenadine,2.3
150,Oseltamivir,3.3
151,Oseltamivir,3.7
151,Electrolytes,4.4
151,Acetaminophen,4.1
151,Ibuprofen,3.8
151,Cyclobenzaprine,2.8
151,Empagliflozin,2.8
151,Sumatriptan,1.9
151,Buspirone,3.0
152,Metformin,4.5
152,Glipizide,2.6
152,Insulin,3.7
152,Empagliflozin,5.0
152,Dextromethorphan,2.4
152,Amlodipine,2.5
152,Diclofenac,2.7
152,Acetaminophen,2.2
153,Hydroxyzine,5.0
153,Sertraline,4.3
153,Buspirone,3.9
153,Escitalopram,3.6
153,Loratadine,3.1
153,Esomeprazole,2.0
153,Hydrochlorothiazide,3.5
153,Metformin,2.0
154,Loratadine,4.8
154,Fluticasone,4.7
154,Cetirizine,4.8
154,Fexofenadine,5.0
154,Electrolytes,3.4
154,Hydroxyzine,4.0
154,Antacids,2.7
154,Naproxen,2.4
155,Acetaminophen,4.2
155,Amlodipine,5.0
155,Diclofenac,2.6
155,Ibuprofen,2.4
155,Fexofenadine,2.3
155,Budesonide,2.0
155,Hydroxyzine,2.0
155,Glipizide,4.0
156,Acetaminophen,3.7
156,Ibuprofen,4.3
156,Dextromethorphan,3.9
156,Empagliflozin,4.1
156,Fluticasone,1.4
156,Fexofenadine,2.8
156,Diphenhydramine,2.1
156,Cetirizine,2.2
157,Fexofenadine,2.9
157,Metformin,3.2
157,Sitagliptin,4.3
157,Insulin,4.8
157,Ranitidine,1.0
157,Esomeprazole,2.6
157,Cyclobenzaprine,2.2
157,Budesonide,2.6
158,Glipizide,4.8
158,Sitagliptin,3.5
158,Empagliflozin,4.4
158,Insulin,3.9
158,Metoclopramide,2.4
158,Montelukast,1.3
158,Rizatriptan,1.5
158,Loratadine,2.2
159,Acetaminophen,3.5
159,Insulin,4.6
159,Empagliflozin,4.7
159,Naproxen,4.6
159,Montelukast,2.1
159,Pseudoephedrine,2.8
159,Lisinopril,4.8
159,Losartan,1.4
160,Diclofenac,4.3
160,Acetaminophen,3.0
160,Naproxen,4.5
160,Ibuprofen,3.0
160,Empagliflozin,3.3
160,Fluticasone,3.3
160,Metoprolol,2.3
160,Esomeprazole,3.8
161,Ibuprofen,3.8
161,Acetaminophen,3.8
161,Pseudoephedrine,4.7
161,Vitamin C,3.2
161,Diclofenac,2.8
161,Montelukast,4.4
161,Sitagliptin,2.5
161,Amlodipine,1.2
162,Esomeprazole,4.7
162,Omeprazole,4.2
162,Ranitidine,4.4
162,Famotidine,4.2
162,Glipizide,2.1
162,Lorazepam,3.6
162,Sumatriptan,1.0
162,Buspirone,4.2
163,Empagliflozin,3.8
163,Insulin,3.6
163,Sitagliptin,3.5
163,Glipizide,4.2
163,Oseltamivir,3.3
163,Escitalopram,1.1
163,Lorazepam,1.4
163,Antacids,1.7
164,Vitamin C,4.4
164,Diphenhydramine,5.0
164,Fluticasone,4.3
164,Cetirizine,4.3
164,Sertraline,3.5
164,Albuterol,2.4
164,Ranitidine,1.0
164,Naproxen,1.7
165,Fluticasone,3.5
165,Diphenhydramine,4.8
165,Cetirizine,3.1
165,Loratadine,3.6
165,Electrolytes,3.6
165,Ipratropium,1.0
165,Sertraline,1.8
165,Dextromethorphan,1.1
166,Ibuprofen,4.2
166,Acetaminophen,4.1
166,Pseudoephedrine,4.3
166,Vitamin C,3.8
166,Rizatriptan,2.1
166,Buspirone,1.0
166,Sumatriptan,1.1
166,Fluticasone,3.4
167,Metoclopramide,3.5
167,Acetaminophen,2.9
167,Sumatriptan,4.2
167,Ibuprofen,4.4
167,Diphenhydramine,2.9
167,Sitagliptin,2.7
167,Buspirone,2.5
167,Escitalopram,3.8
168,Losartan,5.0
168,Fexofenadine,4.2
168,Metoprolol,3.3
168,Hydrochlorothiazide,3.7
168,Famotidine,3.4
168,Lorazepam,1.4
168,Pseudoephedrine,2.1
168,Metoclopramide,3.2
169,Ibuprofen,5.0
169,Ipratropium,4.4
169,Montelukast,4.5
169,Electrolytes,4.1
169,Pseudoephedrine,3.4
169,Lisinopril,1.3
169,Fexofenadine,1.7
169,Buspirone,2.4
170,Vitamin C,3.1
170,Rizatriptan,4.5
170,Pseudoephedrine,4.3
170,Sumatriptan,3.5
170,Metoprolol,1.7
170,Ranitidine,3.0
170,Diphenhydramine,3.2
170,Insulin,4.9
171,Oseltamivir,3.5
171,Diphenhydramine,4.9
171,Dextromethorphan,4.7
171,Acetaminophen,4.7
171,Escitalopram,3.0
171,Metoprolol,4.2
171,Omeprazole,4.1
171,Montelukast,3.9
172,Diphenhydramine,5.0
172,Fexofenadine,3.9
172,Ibuprofen,4.8
172,Acetaminophen,3.3
172,Antacids,1.9
172,Famotidine,1.9
172,Oseltamivir,1.5
172,Empagliflozin,3.6
173,Acetaminophen,5.0
173,Dextromethorphan,5.0
173,Vitamin C,3.5
173,Losartan,5.0
173,Ranitidine,2.3
173,Lorazepam,1.0
173,Metformin,2.0
173,Antacids,3.6
174,Lorazepam,4.0
174,Diphenhydramine,3.0
174,Loratadine,2.9
174,Buspirone,3.2
174,Diclofenac,1.3
174,Budesonide,4.3
174,Omeprazole,3.5
174,Metformin,2.1
175,Lorazepam,3.5
175,Escitalopram,4.0
175,Hydroxyzine,3.7
175,Buspirone,3.5
175,Losartan,2.9
175,Diclofenac,1.9
175,Ranitidine,2.8
175,Fluticasone,1.2
176,Buspirone,4.0
176,Hydroxyzine,3.8
176,Sertraline,4.6
176,Escitalopram,3.3
176,Hydrochlorothiazide,3.2
176,Sitagliptin,4.2
176,Vitamin C,3.2
176,Ibuprofen,4.2
177,Escitalopram,3.7
177,Fluticasone,4.4
177,Hydroxyzine,2.7
177,Lorazepam,4.9
177,Vitamin C,3.6
177,Diclofenac,3.0
177,Insulin,3.8
177,Metoprolol,1.8
178,Buspirone,3.8
178,Escitalopram,4.1
178,Lorazepam,3.4
178,Hydroxyzine,3.9
178,Rizatriptan,2.3
178,Sitagliptin,3.3
178,Fluticasone,3.1
178,Omeprazole,3.5
179,Famotidine,4.3
179,Budesonide,3.8
179,Esomeprazole,3.3
179,Albuterol,3.3
179,Metformin,1.1
179,Ibuprofen,2.9
179,Vitamin C,2.6
179,Insulin,2.4
180,Rizatriptan,4.0
180,Pseudoephedrine,4.4
180,Vitamin C,5.0
180,Ibuprofen,4.7
180,Fluticasone,1.0
180,Hydroxyzine,1.5
180,Ipratropium,4.5
180,Antacids,1.3
181,Ibuprofen,2.7
181,Oseltamivir,4.4
181,Vitamin C,4.7
181,Electrolytes,3.1
181,Buspirone,1.7
181,Metoclopramide,1.9
181,Glipizide,3.6
181,Metoprolol,3.7
182,Sumatriptan,3.0
182,Acetaminophen,4.0
182,Ibuprofen,3.5
182,Rizatriptan,4.8
182,Naproxen,4.4
182,Sertraline,2.0
182,Lorazepam,2.8
182,Cyclobenzaprine,2.9
183,Loratadine,4.4
183,Fluticasone,4.1
183,Cetirizine,3.2
183,Fexofenadine,2.5
183,Sumatriptan,4.8
183,Lorazepam,3.9
183,Montelukast,3.2
183,Famotidine,3.1
184,Pseudoephedrine,3.7
184,Dextromethorphan,5.0
184,Acetaminophen,4.5
184,Vitamin C,3.6
184,Metoprolol,2.9
184,Rizatriptan,2.6
184,Escitalopram,2.3
184,Famotidine,2.9
185,Sertraline,3.3
185,Hydroxyzine,3.7
185,Lorazepam,3.9
185,Buspirone,3.5
185,Albuterol,4.5
185,Ipratropium,2.4
185,Metoclopramide,1.5
185,Sitagliptin,3.0
186,Sitagliptin,4.5
186,Vitamin C,4.6
186,Empagliflozin,3.6
186,Metformin,3.8
186,Montelukast,2.9
186,Famotidine,1.8
186,Naproxen,2.2
186,Hydroxyzine,1.3
187,Montelukast,4.8
187,Fluticasone,3.4
187,Ipratropium,3.0
187,Diclofenac,3.6
187,Oseltamivir,2.1
187,Esomeprazole,2.9
187,Sertraline,2.5
187,Diphenhydramine,1.4
188,Buspirone,4.4
188,Lorazepam,3.1
188,Sertraline,4.0
188,Hydroxyzine,4.6
188,Losartan,2.7
188,Lisinopril,2.4
188,Ranitidine,3.7
188,Fexofenadine,1.8
189,Budesonide,4.6
189,Albuterol,4.3
189,Ipratropium,4.7
189,Montelukast,4.5
189,Electrolytes,2.8
189,Hydroxyzine,2.2
189,Sitagliptin,2.0
189,Escitalopram,2.9
190,Albuterol,3.8
190,Budesonide,3.4
190,Montelukast,5.0
190,Ipratropium,3.7
190,Diphenhydramine,1.4
190,Amlodipine,1.8
190,Sumatriptan,2.2
190,Insulin,1.3
191,Sumatriptan,2.8
191,Acetaminophen,4.8
191,Metoclopramide,5.0
191,Ibuprofen,3.8
191,Omeprazole,2.0
191,Cyclobenzaprine,2.7
191,Albuterol,2.7
191,Lorazepam,3.0
192,Acetaminophen,3.1
192,Vitamin C,4.2
192,Pseudoephedrine,4.5
192,Ibuprofen,5.0
192,Insulin,1.0
192,Fluticasone,2.3
192,Sertraline,3.5
192,Diphenhydramine,2.5
193,Fluticasone,3.0
193,Loratadine,5.0
193,Fexofenadine,4.0
193,Cetirizine,5.0
193,Sitagliptin,3.6
193,Budesonide,2.3
193,Hydroxyzine,3.6
193,Esomeprazole,2.2
194,Hydrochlorothiazide,4.0
194,Lisinopril,4.3
194,Antacids,3.9
194,Famotidine,4.5
194,Ipratropium,3.4
194,Hydroxyzine,1.5
194,Metformin,1.3
194,Albuterol,2.5
195,Electrolytes,5.0
195,Naproxen,4.1
195,Cyclobenzaprine,3.5
195,Ibuprofen,4.4
195,Esomeprazole,1.4
195,Pseudoephedrine,2.2
195,Rizatriptan,3.3
195,Hydrochlorothiazide,2.8
196,Pseudoephedrine,4.0
196,Vitamin C,3.6
196,Dextromethorphan,3.9
196,Acetaminophen,5.0
196,Ipratropium,1.0
196,Metoprolol,2.7
196,Insulin,3.1
196,Diphenhydramine,2.0
197,Rizatriptan,4.8
197,Sumatriptan,4.9
197,Ibuprofen,3.1
197,Acetaminophen,4.2
197,Escitalopram,1.5
197,Ipratropium,1.9
197,Dextromethorphan,2.7
197,Naproxen,2.3
198,Loratadine,3.6
198,Cetirizine,4.4
198,Fluticasone,2.4
198,Fexofenadine,3.1
198,Hydroxyzine,3.2
198,Cyclobenzaprine,1.4
198,Electrolytes,1.9
198,Montelukast,3.3
199,Diclofenac,3.9
199,Esomeprazole,3.1
199,Famotidine,3.7
199,Naproxen,4.6
199,Budesonide,1.3
199,Montelukast,3.4
199,Vitamin C,4.7
199,Sertraline,2.6
200,Pseudoephedrine,5.0
200,Acetaminophen,3.7
200,Dextromethorphan,2.9
200,Ibuprofen,4.3
200,Cetirizine,2.5
200,Ranitidine,2.8
200,Lorazepam,4.2
200,Empagliflozin,1.3
